name,BillingStreet,BillingCity,BillingState,BillingCountry,BillingPostalCode
James,James,James,James,James,"4,735,694"
John,John,John,John,John,"4,502,387"
Robert,Robert,Robert,Robert,Robert,"4,499,901"
Michael,Michael,Michael,Michael,Michael,"4,330,025"
William,William,William,William,William,"3,601,719"
David,David,David,David,David,"3,563,170"
Richard,Richard,Richard,Richard,Richard,"2,467,544"
Joseph,Joseph,Joseph,Joseph,Joseph,"2,352,889"
Thomas,Thomas,Thomas,Thomas,Thomas,"2,160,330"
Charles,Charles,Charles,Charles,Charles,"2,106,078"
Christopher,Christopher,Christopher,Christopher,Christopher,"2,032,843"
Daniel,Daniel,Daniel,Daniel,Daniel,"1,889,640"
Matthew,Matthew,Matthew,Matthew,Matthew,"1,600,285"
Anthony,Anthony,Anthony,Anthony,Anthony,"1,403,920"
Donald,Donald,Donald,Donald,Donald,"1,348,220"
Mark,Mark,Mark,Mark,Mark,"1,346,509"
Paul,Paul,Paul,Paul,Paul,"1,286,846"
Steven,Steven,Steven,Steven,Steven,"1,281,302"
Andrew,Andrew,Andrew,Andrew,Andrew,"1,252,016"
Kenneth,Kenneth,Kenneth,Kenneth,Kenneth,"1,226,558"
Joshua,Joshua,Joshua,Joshua,Joshua,"1,214,872"
Kevin,Kevin,Kevin,Kevin,Kevin,"1,172,372"
Brian,Brian,Brian,Brian,Brian,"1,166,797"
George,George,George,George,George,"1,159,331"
Edward,Edward,Edward,Edward,Edward,"1,097,742"
Ronald,Ronald,Ronald,Ronald,Ronald,"1,073,062"
Timothy,Timothy,Timothy,Timothy,Timothy,"1,069,165"
Jason,Jason,Jason,Jason,Jason,"1,035,285"
Jeffrey,Jeffrey,Jeffrey,Jeffrey,Jeffrey,"975,104"
Ryan,Ryan,Ryan,Ryan,Ryan,"937,629"
Jacob,Jacob,Jacob,Jacob,Jacob,"925,412"
Gary,Gary,Gary,Gary,Gary,"899,858"
Nicholas,Nicholas,Nicholas,Nicholas,Nicholas,"891,818"
Eric,Eric,Eric,Eric,Eric,"877,492"
Jonathan,Jonathan,Jonathan,Jonathan,Jonathan,"844,121"
Stephen,Stephen,Stephen,Stephen,Stephen,"840,005"
Larry,Larry,Larry,Larry,Larry,"802,430"
Justin,Justin,Justin,Justin,Justin,"777,285"
Scott,Scott,Scott,Scott,Scott,"769,663"
Brandon,Brandon,Brandon,Brandon,Brandon,"759,155"
Benjamin,Benjamin,Benjamin,Benjamin,Benjamin,"730,425"
Samuel,Samuel,Samuel,Samuel,Samuel,"710,086"
Frank,Frank,Frank,Frank,Frank,"707,244"
Gregory,Gregory,Gregory,Gregory,Gregory,"706,987"
Raymond,Raymond,Raymond,Raymond,Raymond,"679,913"
Alexander,Alexander,Alexander,Alexander,Alexander,"666,982"
Patrick,Patrick,Patrick,Patrick,Patrick,"663,725"
Jack,Jack,Jack,Jack,Jack,"637,347"
Dennis,Dennis,Dennis,Dennis,Dennis,"611,319"
